trial,subtype,Train ERM accuracy
0,lobular_carcinoma,0.4469026548672566
0,fibroadenoma,0.7396694214876033
0,tubular_adenoma,0.6453900709219859
0,mucinous_carcinoma,0.6233183856502242
0,ductal_carcinoma,0.9594117647058824
0,papillary_carcinoma,0.9612676056338029
0,phyllodes_tumor,0.8186274509803921
0,adenosis,0.832089552238806
0,overall,0.8363870967741935
